Reference,Value,Datasheet,Footprint,Qty,DNP
"BOOT1,RESET1",PTS810SJK250SMTR LFS,https://eu.mouser.com/ProductDetail/CK/PTS810SJK250SMTR-LFS?qs=Imq1NPwxi77Ow0tzRIznfA%3D%3D,OverlordCommon:PTS810SJK250SMTRLFS,2,
"C1,C2,C3,C4,C5,C6,C7,C8,C9,C10",4.7u,https://eu.mouser.com/ProductDetail/Murata-Electronics/GRM32DL8EL475KE07K?qs=By6Nw2ByBD3eoGXPfofc5w%3D%3D&countryCode=SE&currencyCode=SEK,Capacitor_SMD:C_1210_3225Metric_Pad1.33x2.70mm_HandSolder,10,
"C11,C14",10uF,https://eu.mouser.com/ProductDetail/Samsung-Electro-Mechanics/CL21A106KQFNNNF?qs=sGAEpiMZZMvsSlwiRhF8qvCY8MbTG5UF4nG6SP2xVXs%3D,Capacitor_SMD:C_0805_2012Metric_Pad1.18x1.45mm_HandSolder,2,
C12,1nF,https://www.mouser.se/ProductDetail/Samsung-Electro-Mechanics/CL21B102KCANNND?qs=xZ%2FP%252Ba9zWqbUeWaXHzSCHQ%3D%3D,Capacitor_SMD:C_0805_2012Metric_Pad1.18x1.45mm_HandSolder,1,
"C13,C15,C18,C19,C20,C21,C22,C23,C24,C25",0.1uF,https://eu.mouser.com/ProductDetail/KYOCERA-AVX/08053C104KAT4A?qs=sGAEpiMZZMvsSlwiRhF8qtBfdvAGmZnkw6WJoeO38Ao%3D,Capacitor_SMD:C_0805_2012Metric_Pad1.18x1.45mm_HandSolder,10,
"C16,C17",1uF,https://eu.mouser.com/ProductDetail/KYOCERA-AVX/KGM21AR71E105KL?qs=Jm2GQyTW%2FbgOspZKgNqh%2Fg%3D%3D,Capacitor_SMD:C_0805_2012Metric_Pad1.18x1.45mm_HandSolder,2,
"D1,D2,D3,D4,D5,D6,D7,D8,D9,D10,D11,D17",VISHAY S07J-GS08,https://si.farnell.com/vishay/s07j-gs08/diode-switching-do219/dp/1617736,Diode_SMD:D_SMF,12,
"D12,D14,D15,D16,D18,D19,D20,D21",1N4148,https://www.mouser.se/ProductDetail/Taiwan-Semiconductor/TS4148-RBG?qs=5aG0NVq1C4zjFQ%2F0tPTeiA%3D%3D,Diode_SMD:D_0805_2012Metric_Pad1.15x1.40mm_HandSolder,8,
D13,Unknown,https://eu.mouser.com/ProductDetail/Taiwan-Semiconductor/BZY55B12-RBG?qs=mAH9sUMRCtuMqULUHENO7w%3D%3D,Diode_SMD:D_0805_2012Metric_Pad1.15x1.40mm_HandSolder,1,
D22,TPD2E001DZDR,https://eu.mouser.com/ProductDetail/Texas-Instruments/TPD2E001DZDR?qs=6kmNHVaEmPhk6KdNbOe6jw%3D%3D,OverlordCommon:TPD2E001DZDR,1,
DB9_IN1,5788792-2,https://eu.mouser.com/ProductDetail/TE-Connectivity/5788792-2?qs=3NVJH8%2FxV2%252Bs7E8tWduUkQ%3D%3D,OverlordCommon:5788792,1,
DB9_OUT1,5747844-4,https://eu.mouser.com/ProductDetail/TE-Connectivity/5747844-4?qs=x6EjVpvqMVOIOT3ErJFDOQ%3D%3D,OverlordCommon:57478444,1,
"Dbg1,Dbg2,Dbg3,Dbg3V3_1,Dbg4,Dbg5,Dbg6,Dbg7,Dbg8,Dbg9,Dbg10,DbgCRX1,DbgCTX1,DbgEdge1,DbgGND1,DbgURX1,DbgUTX1",Connector_Conn_01x01_Male,,Connector_PinHeader_2.54mm:PinHeader_1x01_P2.54mm_Vertical,17,
"J1,J2",1757310,http://www.phoenixcontact.com/de/produkte/1757310/pdf,OverlordCommon:1757310,2,
J3,Conn_01x12_Pin,https://www.mouser.se/ProductDetail/538-90325-0012,Connector_Molex:Molex_Picoflex_90325-0012_2x06_P1.27mm_Vertical,1,
J_CAN120R1,Conn_01x02_Male,~,Connector_PinHeader_2.54mm:PinHeader_1x02_P2.54mm_Vertical,1,
J_JTAG1,FTSH-105-01-S-DV-K,https://eu.mouser.com/ProductDetail/Samtec/FTSH-105-01-S-DV-K?qs=Cqqh%252BS766wmAOq95MtbXow%3D%3D,OverlordCommon:FTSH-105-XX-YYY-DV-K,1,
"J_JTAG3V3_1,J_PROG3V3_1",Conn_01x02_Pin,~,Connector_PinHeader_2.54mm:PinHeader_1x02_P2.54mm_Vertical,2,
J_PROG1,FTSH-103-01-S-DV-TR,https://eu.mouser.com/ProductDetail/Samtec/FTSH-103-01-S-DV-TR?qs=Cqqh%252BS766wm4bsLlv5ihTQ%3D%3D,OverlordCommon:FTSH-103-XX-YYY-DV-TR,1,
J_USB1,USB_B,https://si.farnell.com/1321918?CMP=e-email-sys-shipping-GLB-Product,Connector_USB:USB_B_Lumberg_2411_02_Horizontal,1,
"Q1,Q5,Q9,Q13,Q17,Q21,Q25,Q29,Q33,Q37",2N3904,https://si.farnell.com/multicomp/2n3904/transistor-npn-to-92/dp/1574370,Package_TO_SOT_THT:TO-92_Inline,10,
"Q2,Q4,Q6,Q8,Q10,Q12,Q14,Q16,Q18,Q20,Q22,Q24,Q26,Q28,Q30,Q32,Q34,Q36,Q38,Q40",IRF740,https://si.farnell.com/vishay/irf740bpbf/mosfet-n-ch-400v-10a-to-220ab/dp/2646348,Package_TO_SOT_THT:TO-220-3_Vertical,20,
"Q3,Q7,Q11,Q15,Q19,Q23,Q27,Q31,Q35,Q39",2N3906,https://si.farnell.com/multicomp/2n3906/transistor-45v-200ma-pnp-to-92/dp/1574372,Package_TO_SOT_THT:TO-92_Inline,10,
Q41,BC817,https://si.farnell.com/1081223?CMP=e-email-sys-shipping-GLB-Product,Package_TO_SOT_SMD:SOT-23,1,
"Q42,Q43",2SC4061KT146N,https://si.farnell.com/rohm/2sc4061kt146n/trans-npn-300v-0-1a-150deg-c-0/dp/2965305,Package_TO_SOT_SMD:SC-59_Handsoldering,2,
"R1,R6,R11,R16,R21,R26,R31,R36,R41,R46,R62,R63,R64",220,https://si.farnell.com/multicomp/mchvr06jtev2200/res-220r-5-0-25w-1206-thick-film/dp/2826318,Resistor_SMD:R_0805_2012Metric_Pad1.20x1.40mm_HandSolder,13,
"R2,R7,R12,R17,R22,R27,R32,R37,R42,R47,R53",1k,https://si.farnell.com/vishay/crcw08051k00jnea/res-1k-5-0-125w-0805-thick-film/dp/1652937,Resistor_SMD:R_0805_2012Metric_Pad1.20x1.40mm_HandSolder,11,
"R3,R5,R8,R10,R13,R15,R18,R20,R23,R25,R28,R30,R33,R35,R38,R40,R43,R45,R48,R50",470k,https://si.farnell.com/multicomp/mcmr04x474-jtl/res-470k-5-0-0625w-0402-ceramic/dp/2073071,Resistor_SMD:R_0805_2012Metric_Pad1.20x1.40mm_HandSolder,20,
"R4,R9,R14,R19,R24,R29,R34,R39,R44,R49,R65",10k,https://si.farnell.com/vishay/crcw080510k0jneaif/res-10k-5-0-125w-0805-thick-film/dp/1739242,Resistor_SMD:R_0805_2012Metric_Pad1.20x1.40mm_HandSolder,11,
"R51,R57",220k,https://www.mouser.se/ProductDetail/Bourns/CR0805-JW-224ELF?qs=sGAEpiMZZMvdGkrng054t%252BRNGJdg958ROaVMB9oGTag%3D,Resistor_SMD:R_0805_2012Metric_Pad1.20x1.40mm_HandSolder,2,
R52,2.2k,https://si.farnell.com/yageo/rc1210jr-072k2l/res-2k2-5-0-5w-1210-thick-film/dp/3496386,Resistor_SMD:R_0805_2012Metric_Pad1.20x1.40mm_HandSolder,1,
R54,100k,https://si.farnell.com/te-connectivity/crgcq1210j100k/res-100k-5-1210-thick-film/dp/2862005,Resistor_SMD:R_0805_2012Metric_Pad1.20x1.40mm_HandSolder,1,
R55,22k,https://si.farnell.com/te-connectivity/crgcq1210f22k/res-22k-1-1210-thick-film/dp/2861660,Resistor_SMD:R_0805_2012Metric_Pad1.20x1.40mm_HandSolder,1,
R56,75k,https://si.farnell.com/rohm/ktr25jzpf7502/res-75k-1-0-33w-1210-thick-film/dp/2919216,Resistor_SMD:R_0805_2012Metric_Pad1.20x1.40mm_HandSolder,1,
R58,240,https://www.mouser.se/ProductDetail/Vishay-Dale/CRCW0805240RFKEA?qs=sGAEpiMZZMtlubZbdhIBIOd3pDSrK5GRzqc4kEgVCoU%3D,Resistor_SMD:R_0805_2012Metric,1,
R59,120,https://si.farnell.com/multicomp/mcwr04x1200ftl/res-120r-1-0-0625w-thick-film/dp/2447103,Resistor_SMD:R_0805_2012Metric_Pad1.20x1.40mm_HandSolder,1,
R60,0R,https://www.mouser.se/ProductDetail/Vishay-Dale/CRCW08050000Z0EA?qs=sGAEpiMZZMtlubZbdhIBIAPdxL7UgFqoWM4Gq0J8%252BCE%3D,Resistor_SMD:R_0805_2012Metric_Pad1.20x1.40mm_HandSolder,1,
R61,390,https://eu.mouser.com/ProductDetail/Panasonic/ERJ-P06F3900V?qs=sGAEpiMZZMvdGkrng054t2zaCLvyUXZJqk8Bx6mV9sI%3D,Resistor_SMD:R_0805_2012Metric,1,
"U1,U2,U3,U4,U5,U6,U7,U8,U9,U10",4N25,https://si.farnell.com/vishay/4n25/optocoupler-5kv-transistor-o-p/dp/1612453,Package_DIP:DIP-6_W7.62mm,10,
U11,SN65HVD230,https://si.farnell.com/texas-instruments/sn65hvd230dr/can-transceiver-1mbps-40-to-85deg/dp/3124671,Package_SO:SOIC-8_3.9x4.9mm_P1.27mm,1,
U_4N35_1,4N35,https://www.mouser.se/ProductDetail/Vishay-Semiconductors/4N35?qs=o4busQjUnQaG1dxXB%2Fpaxg%3D%3D,Package_DIP:DIP-6_W7.62mm,1,
U_ESP32-S3-WROOM-1U-N16_1,ESP32S3-Wroom,https://www.mouser.se/ProductDetail/Espressif-Systems/ESP32-S3-WROOM-1U-N16?qs=Li%252BoUPsLEntAI1ynUyotnA%3D%3D,PCM_Espressif:ESP32-S3-WROOM-1U,1,
U_LM317_1,LM317_SOT-223,https://www.mouser.se/ProductDetail/Texas-Instruments/LM317DCY?qs=5BZzbFV4k2uyLTpaIDoA2Q%3D%3D,Package_TO_SOT_SMD:SOT-223-3_TabPin2,1,
U_TRS3232EIPWR1,TRS3232EIPWR,https://eu.mouser.com/ProductDetail/Texas-Instruments/TRS3232EIPWR?qs=0OHPnBYoB%2FnctvQznRkgWA%3D%3D,OverlordCommon:SOP65P640X120-16N,1,
